file,source
about-our-office.html,starter static page
anesthesia-options.html,starter static page
bmp-infuse-bone-graft.html,starter static page
bone-grafting-faqs.html,starter static page
bone-grafting.html,starter static page
botox-injections.html,starter static page
callback-request.html,starter static page
casting-call.html,starter static page
cleft-lip-palate-surgery.html,generated from supplied outer HTML structured data
cosmetic-injectables.html,starter static page
david-c-hoffman.html,starter static page
dental-implants.html,starter static page
dermal-fillers.html,starter static page
facial-birth-deformities.html,generated from supplied outer HTML structured data
facial-trauma.html,starter static page
find-our-office.html,starter static page
first-visit.html,starter static page
frenectomy.html,starter static page
hemifacial-microsomia.html,generated from supplied outer HTML structured data
impacted-canines.html,generated from supplied outer HTML structured data
index.html,starter static page
insurance-and-financing.html,starter static page
jessica-li.html,starter static page
latest-technology.html,starter static page
lydia-j-lam.html,starter static page
media.html,generated from supplied outer HTML structured data
mohs-reconstruction.html,starter static page
monika-patel.html,starter static page
neonatal-distraction.html,generated from supplied outer HTML structured data
oral-and-maxillofacial.html,generated from supplied outer HTML structured data
oral-pathology.html,starter static page
orthognathic-jaw-surgery.html,generated from supplied outer HTML structured data
our-doctors.html,starter static page
our-services.html,starter static page
patient-center.html,generated from supplied outer HTML structured data
patient-forms.html,generated from supplied outer HTML structured data
pay-your-bill.html,starter static page
pierre-robin-sequence.html,generated from supplied outer HTML structured data
platelet-rich-fibrin-prf.html,generated from supplied outer HTML structured data
privacy-policy.html,starter static page
referring-doctors.html,starter static page
ridge-augmentation.html,generated from supplied outer HTML structured data
sinus-lift.html,generated from supplied outer HTML structured data
sitedisclaimer.html,starter static page
surgical-instructions.html,starter static page
teeth-extractions.html,generated from supplied outer HTML structured data
teeth-in-a-day-all-on-x.html,starter static page
testimonials.html,generated from supplied outer HTML structured data
tmj-disorders-surgery.html,starter static page
treacher-collins-syndrome.html,generated from supplied outer HTML structured data
wisdom-teeth-removal.html,generated from supplied outer HTML structured data
wisdom-tooth-consent.html,starter static page
